{ "compressionlevel":-1,
 "height":15,
 "infinite":false,
 "layers":[
        {
         "data":[28, 19, 19, 19, 19, 19, 19, 19, 19, 19, 19, 19, 19, 19, 19, 28, 28, 19, 19, 19, 19, 19, 19, 19, 19, 19, 19, 19, 19, 19, 19, 28, 28, 19, 19, 19, 19, 19, 19, 19, 19, 19, 19, 19, 19, 19, 19, 28, 28, 19, 19, 19, 19, 19, 19, 19, 19, 19, 19, 19, 19, 19, 19, 28, 28, 19, 19, 19, 19, 19, 19, 19, 19, 19, 19, 19, 19, 19, 19, 28, 28, 19, 19, 19, 19, 19, 19, 19, 19, 19, 19, 19, 19, 19, 19, 28, 28, 19, 19, 19, 19, 19, 19, 19, 19, 19, 19, 19, 19, 19, 19, 28, 28, 19, 19, 19, 19, 19, 19, 19, 19, 19, 19, 19, 19, 19, 19, 28, 28, 19, 19, 19, 19, 19, 19, 19, 19, 19, 19, 19, 19, 19, 19, 28, 28, 19, 19, 19, 19, 19, 19, 19, 19, 19, 19, 19, 19, 19, 19, 28, 28, 19, 19, 19, 19, 19, 19, 19, 19, 19, 19, 19, 19, 19, 19, 28, 28, 19, 19, 19, 19, 19, 19, 19, 19, 19, 19, 19, 19, 19, 19, 28, 28, 19, 19, 19, 19, 19, 19, 19, 19, 19, 19, 19, 19, 19, 19, 28, 28, 19, 19, 19, 19, 19, 19, 19, 19, 19, 19, 19, 19, 19, 19, 28, 28, 3, 3, 3, 3, 3, 3, 3, 3, 3, 3, 3, 3, 3, 3, 28],
         "height":15,
         "id":1,
         "name":"Tile Layer 1",
         "opacity":1,
         "type":"tilelayer",
         "visible":true,
         "width":16,
         "x":0,
         "y":0
        }],
 "nextlayerid":2,
 "nextobjectid":1,
 "orientation":"orthogonal",
 "renderorder":"right-down",
 "tileheight":16,
 "tilesheet":"../images/tiles/tileset1_strip30.png",
 "tilewidth":16,
 "tileimages":30,
 "type":"map",
 "version":1.2,
 "width":16,
 "startleftx":0.0,
 "startlefty":0.0,
 "startrightx":256.0,
 "startrighty":240.0, 
 "objects":[
		{
		 "height":0,
		 "id":4,
		 "name":"player",
		 "rotation":0,
		 "type":"jhj",
		 "visible":true,
		 "width":0,
		 "x":48,
		 "y":192
		},
		{
		 "height":0,
		 "id":4,
		 "name":"crashman",
		 "rotation":0,
		 "type":"jhj",
		 "visible":true,
		 "width":0,
		 "x":192,
		 "y":176
		},
		{
		 "height":0,
		 "id":4,
		 "name":"healthbar",
		 "rotation":0,
		 "type":"jhj",
		 "visible":true,
		 "width":0,
		 "x":0,
		 "y":0
		},
		{
		 "height":0,
		 "id":4,
		 "name":"energybar",
		 "rotation":0,
		 "type":"jhj",
		 "visible":true,
		 "width":0,
		 "x":0,
		 "y":0
		}]
}